GROUP,PACKAGE,CLASS,INSTRUCTION_MISSED,INSTRUCTION_COVERED,BRANCH_MISSED,BRANCH_COVERED,LINE_MISSED,LINE_COVERED,COMPLEXITY_MISSED,COMPLEXITY_COVERED,METHOD_MISSED,METHOD_COVERED
Apache Avro,org.apache.avro.util,WeakIdentityHashMap.new Map.Entry() {...},22,0,0,0,4,0,4,0,4,0
Apache Avro,org.apache.avro.util,ByteBufferInputStream,112,0,14,0,29,0,12,0,5,0
Apache Avro,org.apache.avro.util,Utf8,205,0,16,0,49,0,25,0,17,0
Apache Avro,org.apache.avro.util,WeakIdentityHashMap.IdentityWeakReference,33,0,4,0,11,0,5,0,3,0
Apache Avro,org.apache.avro.util,WeakIdentityHashMap,194,0,6,0,48,0,19,0,16,0
Apache Avro,org.apache.avro.util,ByteBufferOutputStream,193,0,12,0,45,0,15,0,9,0
Apache Avro,org.apache.avro.generic,GenericData.Record,122,0,14,0,23,0,17,0,10,0
Apache Avro,org.apache.avro.generic,GenericData.Array.new Iterator() {...},35,0,2,0,5,0,5,0,4,0
Apache Avro,org.apache.avro.generic,GenericData.Fixed,78,0,6,0,18,0,14,0,11,0
Apache Avro,org.apache.avro.generic,GenericData,1188,0,219,0,253,0,157,0,26,0
Apache Avro,org.apache.avro.generic,GenericDatumReader,712,0,86,0,155,0,88,0,32,0
Apache Avro,org.apache.avro.generic,GenericDatumWriter,361,0,23,0,81,0,40,0,22,0
Apache Avro,org.apache.avro.generic,GenericDatumReader.new ThreadLocal() {...},7,0,0,0,2,0,2,0,2,0
Apache Avro,org.apache.avro.generic,GenericData.EnumSymbol,37,0,6,0,10,0,8,0,5,0
Apache Avro,org.apache.avro.generic,GenericData.Array,330,0,32,0,63,0,32,0,16,0
Apache Avro,org.apache.avro,Schema.Parser,76,42,4,0,12,12,7,4,5,4
Apache Avro,org.apache.avro,SchemaParseException,0,8,0,0,0,2,0,2,0,2
Apache Avro,org.apache.avro,Schema.Name,127,23,25,3,19,7,18,2,5,1
Apache Avro,org.apache.avro,AvroTypeException,9,0,0,0,3,0,2,0,2,0
Apache Avro,org.apache.avro,Schema.UnionSchema,157,23,20,1,26,5,16,1,5,1
Apache Avro,org.apache.avro,Schema.Field.Order,0,44,0,0,0,3,0,2,0,2
Apache Avro,org.apache.avro,Schema.FixedSchema,103,0,16,0,22,0,13,0,5,0
Apache Avro,org.apache.avro,Protocol.Message,120,0,8,0,33,0,16,0,12,0
Apache Avro,org.apache.avro,Schema.NamedSchema,157,15,15,1,31,5,19,1,11,1
Apache Avro,org.apache.avro,Schema.BooleanSchema,4,0,0,0,1,0,1,0,1,0
Apache Avro,org.apache.avro,AvroRuntimeException,5,8,0,0,2,2,1,2,1,2
Apache Avro,org.apache.avro,AvroRemoteException,27,0,2,0,8,0,5,0,4,0
Apache Avro,org.apache.avro,UnresolvedUnionException,27,0,0,0,6,0,3,0,3,0
Apache Avro,org.apache.avro,Schema.new ThreadLocal() {...},4,3,0,0,1,1,1,1,1,1
Apache Avro,org.apache.avro,Schema.new ThreadLocal() {...},0,6,0,0,0,2,0,2,0,2
Apache Avro,org.apache.avro,Schema.DoubleSchema,0,4,0,0,0,1,0,1,0,1
Apache Avro,org.apache.avro,Schema.new ThreadLocal() {...},4,3,0,0,1,1,1,1,1,1
Apache Avro,org.apache.avro,Schema.ArraySchema,44,28,8,0,6,10,7,2,3,2
Apache Avro,org.apache.avro,Schema.SeenPair,33,0,4,0,3,0,5,0,3,0
Apache Avro,org.apache.avro,Protocol,792,0,78,0,168,0,69,0,30,0
Apache Avro,org.apache.avro,Schema.RecordSchema,299,34,38,2,67,10,27,2,7,2
Apache Avro,org.apache.avro,Schema.LockableArrayList,13,68,1,1,3,26,1,13,0,13
Apache Avro,org.apache.avro,Schema.BytesSchema,4,0,0,0,1,0,1,0,1,0
Apache Avro,org.apache.avro,Protocol.TwoWayMessage,101,0,10,0,22,0,12,0,7,0
Apache Avro,org.apache.avro,Schema.Type,0,154,0,0,0,4,0,2,0,2
Apache Avro,org.apache.avro,Schema.StringSchema,4,0,0,0,1,0,1,0,1,0
Apache Avro,org.apache.avro,Schema.Props,40,49,5,5,4,12,4,4,0,3
Apache Avro,org.apache.avro,Schema.IntSchema,0,4,0,0,0,1,0,1,0,1
Apache Avro,org.apache.avro,Schema.NullSchema,4,0,0,0,1,0,1,0,1,0
Apache Avro,org.apache.avro,Schema,1242,507,180,21,225,87,124,34,21,29
Apache Avro,org.apache.avro,Schema.EnumSchema,158,0,20,0,32,0,17,0,7,0
Apache Avro,org.apache.avro,Schema.Field,150,11,20,0,31,3,23,1,13,1
Apache Avro,org.apache.avro,Schema.LongSchema,4,0,0,0,1,0,1,0,1,0
Apache Avro,org.apache.avro,Schema.Names,78,9,8,0,15,2,10,2,6,2
Apache Avro,org.apache.avro,Schema.MapSchema,56,16,8,0,10,6,7,2,3,2
Apache Avro,org.apache.avro,Schema.FloatSchema,4,0,0,0,1,0,1,0,1,0
Apache Avro,org.apache.avro.specific,SpecificFixed,9,0,0,0,3,0,1,0,1,0
Apache Avro,org.apache.avro.specific,SpecificData,459,0,89,0,104,0,61,0,11,0
Apache Avro,org.apache.avro.specific,SpecificDatumWriter,40,0,2,0,14,0,7,0,6,0
Apache Avro,org.apache.avro.specific,SpecificData.new Object() {...},3,0,0,0,1,0,1,0,1,0
Apache Avro,org.apache.avro.specific,SpecificDatumReader,152,0,16,0,33,0,18,0,10,0
Apache Avro,org.apache.avro.specific,SpecificRecordBase,46,0,8,0,8,0,9,0,5,0
Apache Avro,org.apache.avro.specific,SpecificExceptionBase,37,0,8,0,6,0,7,0,3,0
Apache Avro,org.apache.avro.file,CodecFactory,65,0,2,0,16,0,9,0,8,0
Apache Avro,org.apache.avro.file,DataFileReader,259,0,22,0,57,0,23,0,12,0
Apache Avro,org.apache.avro.file,Codec,6,0,0,0,2,0,2,0,2,0
Apache Avro,org.apache.avro.file,NullCodec.Option,5,0,0,0,2,0,2,0,2,0
Apache Avro,org.apache.avro.file,DataFileWriter.BufferedFileOutputStream,21,0,0,0,5,0,2,0,2,0
Apache Avro,org.apache.avro.file,DataFileWriter.NonCopyingByteArrayOutputStream,11,0,0,0,3,0,2,0,2,0
Apache Avro,org.apache.avro.file,DeflateCodec.Option,12,0,0,0,4,0,2,0,2,0
Apache Avro,org.apache.avro.file,SnappyCodec.Option,8,0,0,0,2,0,2,0,2,0
Apache Avro,org.apache.avro.file,DataFileWriter.AppendWriteException,4,0,0,0,1,0,1,0,1,0
Apache Avro,org.apache.avro.file,DataFileWriter,616,0,32,0,148,0,42,0,26,0
Apache Avro,org.apache.avro.file,SnappyCodec,130,0,6,0,28,0,9,0,6,0
Apache Avro,org.apache.avro.file,SeekableFileInput,22,0,0,0,5,0,5,0,5,0
Apache Avro,org.apache.avro.file,DataFileConstants,20,0,0,0,1,0,1,0,1,0
Apache Avro,org.apache.avro.file,DataFileReader12,486,0,44,0,93,0,39,0,17,0
Apache Avro,org.apache.avro.file,NullCodec,34,0,4,0,10,0,9,0,7,0
Apache Avro,org.apache.avro.file,DataFileStream.Header,17,0,0,0,4,0,1,0,1,0
Apache Avro,org.apache.avro.file,DataFileReader.SeekableInputStream,132,0,8,0,29,0,14,0,10,0
Apache Avro,org.apache.avro.file,DataFileStream,525,0,46,0,119,0,45,0,22,0
Apache Avro,org.apache.avro.file,DataFileStream.DataBlock,108,0,0,0,30,0,9,0,9,0
Apache Avro,org.apache.avro.file,DataFileWriter.BufferedFileOutputStream.PositionFilter,24,0,0,0,4,0,2,0,2,0
Apache Avro,org.apache.avro.file,LengthLimitedInputStream,96,0,10,0,23,0,12,0,7,0
Apache Avro,org.apache.avro.file,DeflateCodec,171,0,14,0,41,0,18,0,11,0
Apache Avro,org.apache.avro.io,BinaryDecoder.ByteSource,182,0,6,0,45,0,10,0,7,0
Apache Avro,org.apache.avro.io,BlockingBinaryEncoder,1182,0,126,0,215,0,90,0,27,0
Apache Avro,org.apache.avro.io,BinaryDecoder.ByteArrayByteSource,233,0,16,0,53,0,18,0,10,0
Apache Avro,org.apache.avro.io,Encoder,37,0,2,0,11,0,6,0,5,0
Apache Avro,org.apache.avro.io,DecoderFactory,161,0,20,0,32,0,27,0,17,0
Apache Avro,org.apache.avro.io,DirectBinaryDecoder,336,0,28,0,58,0,26,0,12,0
Apache Avro,org.apache.avro.io,DecoderFactory.DefaultDecoderFactory,5,0,0,0,1,0,1,0,1,0
Apache Avro,org.apache.avro.io,Decoder,10,0,0,0,3,0,2,0,2,0
Apache Avro,org.apache.avro.io,BinaryData.new ThreadLocal() {...},7,0,0,0,2,0,2,0,2,0
Apache Avro,org.apache.avro.io,BinaryData.new ThreadLocal() {...},7,0,0,0,2,0,2,0,2,0
Apache Avro,org.apache.avro.io,ParsingEncoder,116,0,6,0,18,0,9,0,6,0
Apache Avro,org.apache.avro.io,BinaryDecoder.InputStreamByteSource,203,0,26,0,69,0,21,0,8,0
Apache Avro,org.apache.avro.io,BufferedBinaryEncoder,247,0,22,0,61,0,25,0,14,0
Apache Avro,org.apache.avro.io,DirectBinaryEncoder,183,0,12,0,45,0,17,0,11,0
Apache Avro,org.apache.avro.io,DirectBinaryDecoder.ReuseByteReader,23,0,2,0,6,0,3,0,2,0
Apache Avro,org.apache.avro.io,EncoderFactory,135,0,20,0,31,0,23,0,13,0
Apache Avro,org.apache.avro.io,BufferedBinaryEncoder.OutputStreamSink,17,0,0,0,7,0,3,0,3,0
Apache Avro,org.apache.avro.io,ParsingDecoder,106,0,26,0,33,0,16,0,3,0
Apache Avro,org.apache.avro.io,BlockingBinaryEncoder.BlockedValue.State,34,0,0,0,4,0,1,0,1,0
Apache Avro,org.apache.avro.io,ValidatingDecoder,409,0,24,0,93,0,39,0,27,0
Apache Avro,org.apache.avro.io,EncoderFactory.DefaultEncoderFactory,10,0,0,0,2,0,2,0,2,0
Apache Avro,org.apache.avro.io,BlockingBinaryEncoder.BlockedValue,187,0,48,0,24,0,28,0,3,0
Apache Avro,org.apache.avro.io,JsonEncoder,476,0,36,0,118,0,44,0,26,0
Apache Avro,org.apache.avro.io,ResolvingDecoder,401,0,56,0,89,0,41,0,13,0
Apache Avro,org.apache.avro.io,BinaryData,1131,0,129,0,201,0,90,0,14,0
Apache Avro,org.apache.avro.io,BinaryDecoder,1065,0,70,0,185,0,70,0,35,0
Apache Avro,org.apache.avro.io,ValidatingEncoder,304,0,6,0,84,0,28,0,25,0
Apache Avro,org.apache.avro.io,BinaryDecoder.BufferAccessor,122,0,12,0,35,0,14,0,8,0
Apache Avro,org.apache.avro.io,BinaryEncoder,94,0,6,0,36,0,17,0,14,0
Apache Avro,org.apache.avro.io,DirectBinaryDecoder.ByteReader,35,0,4,0,8,0,4,0,2,0
Apache Avro,org.apache.avro.io,JsonDecoder,890,0,94,0,212,0,84,0,37,0
Apache Avro,org.apache.avro.io,BinaryData.HashData,25,0,0,0,6,0,2,0,2,0
Apache Avro,org.apache.avro.io,BufferedBinaryEncoder.ByteSink,3,0,0,0,1,0,1,0,1,0
Apache Avro,org.apache.avro.io,BinaryData.Decoders,46,0,0,0,9,0,2,0,2,0
Apache Avro,org.apache.avro.reflect,ReflectDatumWriter,127,0,12,0,36,0,17,0,11,0
Apache Avro,org.apache.avro.reflect,ReflectData.AllowNull,18,0,0,0,5,0,4,0,4,0
Apache Avro,org.apache.avro.reflect,ReflectDatumWriter.new Iterator() {...},41,0,2,0,6,0,5,0,4,0
Apache Avro,org.apache.avro.reflect,ReflectData,1254,0,179,0,262,0,116,0,24,0
Apache Avro,org.apache.avro.reflect,ReflectDatumReader,184,0,14,0,51,0,20,0,13,0
Apache Avro,org.apache.avro.io.parsing,Symbol.Sequence,89,0,4,0,18,0,8,0,6,0
Apache Avro,org.apache.avro.io.parsing,Symbol.Alternative,76,0,8,0,16,0,10,0,6,0
Apache Avro,org.apache.avro.io.parsing,Symbol.EnumLabelsAction,36,0,6,0,9,0,6,0,3,0
Apache Avro,org.apache.avro.io.parsing,Symbol.DefaultStartAction,7,0,0,0,3,0,1,0,1,0
Apache Avro,org.apache.avro.io.parsing,Symbol.FieldAdjustAction,10,0,0,0,4,0,1,0,1,0
Apache Avro,org.apache.avro.io.parsing,Symbol.UnionAdjustAction,21,0,0,0,5,0,2,0,2,0
Apache Avro,org.apache.avro.io.parsing,Symbol.FieldOrderAction,7,0,0,0,3,0,1,0,1,0
Apache Avro,org.apache.avro.io.parsing,Symbol.Terminal,10,0,0,0,4,0,2,0,2,0
Apache Avro,org.apache.avro.io.parsing,Symbol.SkipAction,17,0,0,0,4,0,2,0,2,0
Apache Avro,org.apache.avro.io.parsing,ValidatingGrammarGenerator,229,0,21,0,38,0,20,0,3,0
Apache Avro,org.apache.avro.io.parsing,JsonGrammarGenerator,188,0,10,0,26,0,10,0,3,0
Apache Avro,org.apache.avro.io.parsing,SkipParser,92,0,10,0,25,0,10,0,5,0
Apache Avro,org.apache.avro.io.parsing,Symbol.ResolvingAction,24,0,0,0,6,0,2,0,2,0
Apache Avro,org.apache.avro.io.parsing,Symbol.IntCheckAction,7,0,0,0,3,0,1,0,1,0
Apache Avro,org.apache.avro.io.parsing,Parser,258,0,28,0,54,0,25,0,11,0
Apache Avro,org.apache.avro.io.parsing,Symbol.Kind,74,0,0,0,8,0,1,0,1,0
Apache Avro,org.apache.avro.io.parsing,Symbol.ErrorAction,7,0,0,0,3,0,1,0,1,0
Apache Avro,org.apache.avro.io.parsing,Symbol.Root,31,0,0,0,6,0,2,0,2,0
Apache Avro,org.apache.avro.io.parsing,Symbol.EnumAdjustAction,7,0,0,0,3,0,1,0,1,0
Apache Avro,org.apache.avro.io.parsing,Symbol.Fixup,9,0,0,0,4,0,1,0,1,0
Apache Avro,org.apache.avro.io.parsing,ValidatingGrammarGenerator.LitS,25,0,4,0,4,0,5,0,3,0
Apache Avro,org.apache.avro.io.parsing,Symbol.Sequence.new Iterator() {...},44,0,4,0,7,0,6,0,4,0
Apache Avro,org.apache.avro.io.parsing,Symbol.Repeater,51,0,0,0,11,0,3,0,3,0
Apache Avro,org.apache.avro.io.parsing,Symbol.ImplicitAction,11,0,0,0,5,0,2,0,2,0
Apache Avro,org.apache.avro.io.parsing,Symbol,259,0,10,0,56,0,18,0,13,0
Apache Avro,org.apache.avro.io.parsing,Symbol.WriterUnionAction,4,0,0,0,1,0,1,0,1,0
Apache Avro,org.apache.avro.io.parsing,ResolvingGrammarGenerator,1064,0,139,0,218,0,95,0,10,0
Apache Avro,org.apache.avro.io.parsing,ResolvingGrammarGenerator.LitS2,36,0,6,0,7,0,6,0,3,0
